-- phpMyAdmin SQL Dump
-- version 4.5.1
-- http://www.phpmyadmin.net
--
-- Servidor: 127.0.0.1
-- Tiempo de generación: 01-03-2016 a las 04:41:49
-- Versión del servidor: 10.1.9-MariaDB
-- Versión de PHP: 5.6.15

SET SQL_MODE = "NO_AUTO_VALUE_ON_ZERO";
SET time_zone = "+00:00";


/*!40101 SET @OLD_CHARACTER_SET_CLIENT=@@CHARACTER_SET_CLIENT */;
/*!40101 SET @OLD_CHARACTER_SET_RESULTS=@@CHARACTER_SET_RESULTS */;
/*!40101 SET @OLD_COLLATION_CONNECTION=@@COLLATION_CONNECTION */;
/*!40101 SET NAMES utf8mb4 */;

--
-- Base de datos: `608db`
--

DELIMITER $$
--
-- Procedimientos
--
CREATE DEFINER=`root`@`localhost` PROCEDURE `addLike` (`user_id` INT, `post_id` INT, `type_i` INT)  BEGIN
    	DELETE FROM likes WHERE id_user = user_id;
		INSERT INTO likes (id_post,i_type,id_user) VALUES (post_id,type_i,user_id);
     	END$$

DELIMITER ;

-- --------------------------------------------------------

--
-- Estructura de tabla para la tabla `comentarios`
--

CREATE TABLE `comentarios` (
  `id_comentario` int(11) NOT NULL,
  `id_post` int(11) NOT NULL,
  `id_user` int(11) NOT NULL,
  `sComentario` varchar(500) NOT NULL,
  `fDate` TIMESTAMP NOT NULL DEFAULT CURRENT_TIMESTAMP
) ENGINE=InnoDB DEFAULT CHARSET=latin1;

--
-- Volcado de datos para la tabla `comentarios`
--

INSERT INTO `comentarios` (`id_comentario`, `id_post`, `id_user`, `sComentario`, `fDate`) VALUES
(1, 6, 1, 'Me gusta tu post!', '2016-02-10 20:28:00'),
(2, 6, 1, 'Hello comments', '2016-02-10 21:51:14'),
(3, 8, 1, 'Hay', '2016-02-11 19:30:05'),
(4, 8, 1, 'Hola', '2016-02-11 19:30:49'),
(5, 8, 1, 'Hola', '2016-02-11 19:31:50'),
(6, 8, 1, 'Bueno', '2016-02-11 19:31:57'),
(7, 8, 1, 'Hola', '2016-02-11 21:55:58'),
(8, 8, 1, 'Hi', '2016-02-11 23:00:27'),
(9, 9, 1, 'Primer comentario', '2016-02-11 23:01:31'),
(10, 9, 1, 'Hola', '2016-02-11 23:01:52'),
(11, 9, 1, 'Hola', '2016-02-11 23:01:52'),
(12, 10, 1, 'Hola', '2016-02-11 23:02:07'),
(13, 10, 1, 'Hola', '2016-02-11 23:02:07'),
(14, 11, 1, 'Holaaa', '2016-02-11 23:03:17'),
(15, 11, 1, 'Hiiii', '2016-02-11 23:03:24'),
(16, 11, 1, 'What''s up', '2016-02-11 23:03:40'),
(17, 11, 1, 'What''s up', '2016-02-11 23:03:40'),
(18, 10, 1, 'Hiiii', '2016-02-11 23:07:24'),
(19, 9, 1, '', '2016-02-12 19:15:12'),
(20, 9, 1, '', '2016-02-12 19:15:12'),
(21, 9, 1, '', '2016-02-12 19:15:12'),
(22, 9, 1, '', '2016-02-12 19:15:13'),
(23, 9, 1, '', '2016-02-12 19:15:13'),
(24, 9, 1, '', '2016-02-12 19:15:13'),
(25, 9, 1, '', '2016-02-12 19:15:13'),
(26, 9, 1, '', '2016-02-12 19:15:13'),
(27, 9, 1, '', '2016-02-12 19:15:14'),
(28, 9, 1, '', '2016-02-12 19:15:14'),
(29, 9, 1, '', '2016-02-12 19:15:16'),
(30, 9, 1, '', '2016-02-12 19:15:16'),
(31, 9, 1, '', '2016-02-12 19:15:16'),
(32, 9, 1, '', '2016-02-12 19:15:16'),
(33, 9, 1, '', '2016-02-12 19:15:16'),
(34, 9, 1, '', '2016-02-12 19:15:17'),
(35, 9, 1, '', '2016-02-12 19:15:17'),
(36, 9, 1, '', '2016-02-12 19:15:17'),
(37, 9, 1, '', '2016-02-12 19:15:17'),
(38, 9, 1, '', '2016-02-12 19:15:18'),
(39, 9, 1, '', '2016-02-12 19:15:18'),
(40, 9, 1, '', '2016-02-12 19:15:18'),
(41, 9, 1, '', '2016-02-12 19:15:18'),
(42, 9, 1, '', '2016-02-12 19:15:19'),
(43, 9, 1, '', '2016-02-12 19:15:19'),
(44, 9, 1, '', '2016-02-12 19:15:19'),
(45, 9, 1, '', '2016-02-12 19:15:21'),
(46, 9, 1, '', '2016-02-12 19:15:21'),
(47, 9, 1, '', '2016-02-12 19:15:21'),
(48, 9, 1, '', '2016-02-12 19:15:21'),
(49, 9, 1, '', '2016-02-12 19:15:22'),
(50, 25, 1, 'a', '2016-02-12 21:03:55'),
(51, 25, 1, 'b', '2016-02-12 21:35:39'),
(52, 25, 1, 'b', '2016-02-12 21:37:39'),
(53, 24, 1, 'B', '2016-02-12 21:38:54'),
(54, 25, 1, 'c', '2016-02-13 19:14:12'),
(55, 25, 1, 'c', '2016-02-13 19:14:12'),
(56, 26, 1, 'Hola', '2016-02-13 19:20:21'),
(57, 26, 1, 'Hi', '2016-02-13 19:20:34'),
(58, 26, 1, 'Hi', '2016-02-13 19:20:34'),
(59, 26, 1, 'Hey', '2016-02-13 19:21:01'),
(60, 26, 1, 'Hi', '2016-02-13 19:22:23'),
(61, 26, 1, 'Hi', '2016-02-13 19:22:23'),
(62, 26, 1, '2', '2016-02-13 19:22:34'),
(63, 26, 1, '3', '2016-02-13 19:23:16'),
(64, 26, 1, 'ssasasdas', '2016-02-13 19:23:43'),
(65, 26, 1, 'A', '2016-02-13 19:24:09'),
(66, 26, 1, 'A', '2016-02-13 19:24:09'),
(67, 27, 1, 'Hola', '2016-02-13 19:25:46'),
(68, 27, 1, 'Hola', '2016-02-13 19:25:46'),
(69, 27, 1, '2222', '2016-02-13 19:25:57'),
(70, 27, 1, '2222', '2016-02-13 19:25:57'),
(71, 28, 1, 'Hi', '2016-02-13 19:26:14'),
(72, 28, 1, 'Como estas', '2016-02-13 19:26:18'),
(73, 29, 1, 'Hey', '2016-02-13 19:27:41'),
(74, 29, 1, 'Ok', '2016-02-13 19:27:48'),
(75, 29, 1, 'Hi', '2016-02-13 19:32:30'),
(76, 29, 1, 'Hola', '2016-02-13 19:36:18'),
(77, 29, 1, 'Hola', '2016-02-13 19:36:18'),
(78, 29, 1, '¿Que paso?', '2016-02-13 19:36:39'),
(79, 30, 1, 'What', '2016-02-13 19:39:00'),
(80, 30, 1, 'What', '2016-02-13 19:39:00'),
(81, 30, 1, 'Ok', '2016-02-13 19:40:29'),
(82, 30, 1, 'Ok', '2016-02-13 19:40:36'),
(83, 30, 1, 'Ok', '2016-02-13 19:40:40'),
(84, 30, 1, 'Hola', '2016-02-13 19:41:33'),
(85, 30, 1, 'Ok', '2016-02-13 19:42:28'),
(86, 30, 1, 'Hola', '2016-02-13 19:43:56'),
(87, 30, 1, 'hI', '2016-02-13 21:36:11'),
(88, 30, 1, 'H2', '2016-02-13 21:36:44'),
(89, 30, 1, 'Hey', '2016-02-13 21:37:18'),
(90, 30, 1, 'Ok', '2016-02-13 21:38:28'),
(91, 30, 1, 'Ok', '2016-02-13 21:38:28'),
(92, 30, 1, 'Ok', '2016-02-13 21:39:04'),
(93, 30, 1, 'Ok', '2016-02-13 21:39:12'),
(94, 30, 1, 'Ok', '2016-02-13 21:39:19'),
(95, 30, 1, 'Ok', '2016-02-13 21:39:23'),
(96, 30, 1, 'Hey', '2016-02-13 21:39:29'),
(97, 30, 1, 'Ok', '2016-02-13 21:44:04'),
(98, 30, 1, 'Ok', '2016-02-13 21:44:07'),
(99, 30, 1, 'Hey', '2016-02-13 21:44:10'),
(100, 30, 1, 'Hey', '2016-02-13 21:44:13'),
(101, 30, 1, 'Hola', '2016-02-13 21:46:39'),
(102, 30, 1, 'Hola', '2016-02-13 21:46:42'),
(103, 30, 1, 'Hey', '2016-02-13 21:46:45'),
(104, 30, 1, 'Ok', '2016-02-13 21:51:24'),
(105, 30, 1, 'Hey', '2016-02-13 21:51:31'),
(106, 33, 1, 'First comment', '2016-02-15 17:19:46'),
(107, 33, 1, 'What?', '2016-02-15 17:20:00'),
(108, 33, 1, 'First comment', '2016-02-15 17:20:12'),
(109, 33, 1, 'Eh?', '2016-02-15 17:20:21'),
(110, 34, 1, 'Ok', '2016-02-15 17:20:39'),
(111, 35, 1, '?', '2016-02-15 17:22:09'),
(112, 36, 1, '?', '2016-02-15 17:22:48'),
(113, 37, 1, 'Hey', '2016-02-15 17:23:36'),
(114, 37, 1, 'Hey', '2016-02-15 17:23:40'),
(115, 39, 1, 'WAW', '2016-02-15 17:24:49'),
(116, 39, 1, 'WW', '2016-02-15 17:24:52'),
(117, 39, 1, 'AA', '2016-02-15 17:24:54'),
(118, 40, 1, 'Loool', '2016-02-15 17:27:12'),
(119, 42, 1, 'Ok', '2016-02-15 17:28:22'),
(120, 43, 1, 'Hi', '2016-02-15 17:29:53'),
(121, 44, 1, 'Hi', '2016-02-15 17:30:33'),
(122, 45, 1, 'Ok', '2016-02-15 17:31:19'),
(123, 46, 1, 'Dam', '2016-02-15 17:32:42'),
(124, 48, 1, 'hi', '2016-02-15 17:36:54'),
(125, 50, 1, 'a', '2016-02-15 17:42:13'),
(126, 50, 1, 'a', '2016-02-15 17:42:30'),
(127, 51, 1, 'b', '2016-02-15 17:42:37'),
(128, 53, 1, 'd', '2016-02-15 17:45:21'),
(129, 54, 1, 'e', '2016-02-15 17:47:36'),
(130, 55, 1, 'f', '2016-02-15 17:47:49'),
(131, 55, 1, 'f', '2016-02-15 17:48:20'),
(132, 55, 1, 'f', '2016-02-15 17:48:22'),
(133, 55, 1, 'f', '2016-02-15 17:48:24'),
(134, 55, 1, 'w', '2016-02-15 17:49:12'),
(135, 56, 1, 'g', '2016-02-15 17:49:23'),
(136, 57, 1, 'a', '2016-02-15 17:50:47'),
(137, 58, 1, 'g', '2016-02-15 17:51:29'),
(138, 59, 1, 'h', '2016-02-15 17:52:34'),
(139, 60, 1, 'j', '2016-02-15 17:53:29'),
(140, 61, 1, 'k', '2016-02-15 17:55:21'),
(141, 62, 1, 'l', '2016-02-15 17:56:36'),
(142, 63, 1, 'm', '2016-02-15 17:58:26'),
(143, 64, 1, 'n', '2016-02-15 18:01:45'),
(144, 65, 1, 'o', '2016-02-15 18:03:13'),
(145, 65, 1, 'o', '2016-02-15 18:03:34'),
(146, 65, 1, 'o', '2016-02-15 18:03:37'),
(147, 65, 1, 'o', '2016-02-15 18:03:40'),
(148, 65, 1, 'o', '2016-02-15 18:03:40'),
(149, 66, 1, 'p', '2016-02-15 18:05:44'),
(150, 66, 1, 'p', '2016-02-15 18:05:46'),
(151, 66, 1, 'p', '2016-02-15 18:05:49'),
(152, 67, 1, 'q', '2016-02-15 18:06:20'),
(153, 67, 1, 'q', '2016-02-15 18:06:22'),
(154, 67, 1, 'q', '2016-02-15 18:06:24'),
(155, 74, 1, 'Hola', '2016-02-20 21:15:08'),
(156, 77, 0, 'Yo también soy mexicano', '2016-02-20 21:25:45'),
(157, 77, 1, 'Orale', '2016-02-20 22:32:04'),
(158, 84, 1, 'Hola', '2016-02-21 16:00:37'),
(159, 86, 1, 'Hola', '2016-02-21 16:03:18'),
(160, 86, 1, 'Ok', '2016-02-21 16:05:58'),
(161, 86, 1, 'What', '2016-02-21 16:06:01'),
(162, 86, 1, 'que', '2016-02-21 16:06:17'),
(163, 86, 1, 'Ok', '2016-02-21 16:07:47'),
(164, 86, 1, 'ok', '2016-02-21 16:09:08'),
(165, 87, 1, 'Ok', '2016-02-21 16:11:22'),
(166, 87, 1, 'a', '2016-02-21 16:11:23'),
(167, 87, 1, 'a', '2016-02-21 16:11:25'),
(168, 87, 1, 'a', '2016-02-21 16:11:27'),
(169, 87, 1, 'a', '2016-02-21 16:12:48'),
(170, 88, 1, 'a', '2016-02-21 16:22:52'),
(171, 88, 1, 'a', '2016-02-21 16:22:53'),
(172, 88, 1, 'a', '2016-02-21 16:22:55'),
(173, 89, 1, 'a', '2016-02-21 16:23:29'),
(174, 89, 1, 'a', '2016-02-21 16:23:31'),
(175, 89, 1, 'a', '2016-02-21 16:23:36'),
(176, 90, 1, 'a', '2016-02-21 16:27:43'),
(177, 90, 1, 'a', '2016-02-21 16:27:43'),
(178, 90, 1, 'a', '2016-02-21 16:27:49'),
(179, 91, 1, 'a', '2016-02-21 16:29:54'),
(180, 91, 1, 'a', '2016-02-21 16:29:55'),
(181, 91, 1, 'a', '2016-02-21 16:30:02'),
(182, 92, 1, 'o', '2016-02-21 16:32:11'),
(183, 92, 1, 'k', '2016-02-21 16:32:13'),
(184, 92, 1, 'ki', '2016-02-21 16:32:16'),
(185, 93, 1, 'A', '2016-02-21 16:39:18'),
(186, 93, 1, 'A', '2016-02-21 16:39:20'),
(187, 93, 1, 'A', '2016-02-21 16:39:21'),
(188, 94, 1, 'a', '2016-02-21 16:39:44'),
(189, 94, 1, 'a', '2016-02-21 16:39:46'),
(190, 94, 1, 'a', '2016-02-21 16:39:47'),
(191, 95, 1, 'a', '2016-02-21 16:42:38'),
(192, 95, 1, 'a', '2016-02-21 16:42:38'),
(193, 95, 1, 'a', '2016-02-21 16:42:41'),
(194, 95, 1, 'a', '2016-02-21 16:42:41'),
(195, 96, 1, 'a', '2016-02-21 16:50:55'),
(196, 96, 1, 'a', '2016-02-21 16:50:57'),
(197, 96, 1, 'a', '2016-02-21 16:50:59'),
(198, 96, 1, 'zz', '2016-02-21 16:52:35'),
(199, 97, 1, 'a', '2016-02-21 16:53:35'),
(200, 97, 1, 'a', '2016-02-21 16:53:37'),
(201, 97, 1, 'a', '2016-02-21 16:53:44'),
(202, 101, 1, 'a', '2016-02-21 17:15:03'),
(203, 101, 1, 'a', '2016-02-21 17:15:04'),
(204, 101, 1, 'a', '2016-02-21 17:15:05'),
(205, 102, 1, 'a', '2016-02-21 17:15:13'),
(206, 102, 1, 'a', '2016-02-21 17:15:14'),
(207, 102, 1, 'a', '2016-02-21 17:15:18'),
(208, 103, 1, 'a', '2016-02-21 17:22:00'),
(209, 103, 1, 'a', '2016-02-21 17:22:01'),
(210, 103, 1, 'a', '2016-02-21 17:22:02'),
(211, 100, 1, 'vf', '2016-02-21 17:31:04'),
(212, 104, 1, 'h', '2016-02-21 17:40:30'),
(213, 105, 1, 'a', '2016-02-21 17:43:39'),
(214, 105, 1, 'a', '2016-02-21 17:43:43'),
(215, 105, 1, 'a', '2016-02-21 17:43:44'),
(216, 106, 1, 'a', '2016-02-21 17:44:28'),
(217, 106, 1, 'a', '2016-02-21 17:44:29'),
(218, 106, 1, 'a', '2016-02-21 17:44:31'),
(219, 106, 1, 'vc', '2016-02-21 17:44:34'),
(220, 107, 1, 'A', '2016-02-21 17:50:28'),
(221, 107, 1, 'A', '2016-02-21 17:50:31'),
(222, 107, 1, 'A', '2016-02-21 17:50:33'),
(223, 107, 1, 'A', '2016-02-21 17:50:44'),
(224, 107, 1, 'A', '2016-02-21 17:50:47'),
(225, 108, 1, 'A', '2016-02-21 17:50:56'),
(226, 108, 1, 'A', '2016-02-21 17:50:57'),
(227, 108, 1, 'A', '2016-02-21 17:50:58'),
(228, 110, 1, 'A', '2016-02-21 17:51:06'),
(229, 110, 1, 'A', '2016-02-21 17:51:08'),
(230, 110, 1, 'A', '2016-02-21 17:51:09'),
(231, 113, 1, 'z', '2016-02-21 17:57:59'),
(232, 113, 1, 'z', '2016-02-21 17:58:00'),
(233, 113, 1, 'z', '2016-02-21 17:58:01'),
(234, 113, 1, 'z', '2016-02-21 17:58:02'),
(235, 113, 1, 'a', '2016-02-21 17:58:09'),
(236, 114, 1, 'a', '2016-02-21 18:12:24'),
(243, 119, 1, 'Usa colgate', '2016-02-21 22:50:50'),
(246, 119, 1, 'a', '2016-02-21 22:53:58'),
(248, 121, 1, 'a', '2016-02-26 22:12:04'),
(253, 125, 1, 'No estoy de acuerdo tu post', '2016-02-26 23:36:12'),
(255, 125, 0, 'Mmm', '2016-02-26 23:36:26'),
(256, 125, 1, 'Ah ya entendi', '2016-02-26 23:37:06'),
(257, 125, 0, 'Mejor lo borrare bye', '2016-02-26 23:37:39'),
(259, 125, 1, 'Ok', '2016-02-26 23:37:52'),
(260, 124, 1, 's', '2016-02-27 00:45:58'),
(261, 132, 8, 'Jijijij', '2016-02-28 23:00:30');

-- --------------------------------------------------------

--
-- Estructura de tabla para la tabla `likes`
--

CREATE TABLE `likes` (
  `id_like` int(11) NOT NULL,
  `id_post` int(11) NOT NULL,
  `i_type` int(11) NOT NULL,
  `id_user` int(11) NOT NULL,
  `f_fecha` TIMESTAMP NOT NULL DEFAULT CURRENT_TIMESTAMP
) ENGINE=InnoDB DEFAULT CHARSET=latin1;

--
-- Volcado de datos para la tabla `likes`
--

INSERT INTO `likes` (`id_like`, `id_post`, `i_type`, `id_user`, `f_fecha`) VALUES
(25, 125, 1, 0, '2016-02-26 23:36:50'),
(30, 128, 5, 7, '2016-02-27 19:05:12'),
(31, 128, 1, 1, '2016-02-27 19:06:10');

-- --------------------------------------------------------

--
-- Estructura de tabla para la tabla `posts`
--

CREATE TABLE `posts` (
  `id_post` int(11) NOT NULL,
  `id_user` int(11) NOT NULL,
  `sPost` varchar(1000) NOT NULL,
  `fFecha` TIMESTAMP NOT NULL DEFAULT CURRENT_TIMESTAMP,
  `fVencimiento` TIMESTAMP NOT NULL
) ENGINE=InnoDB DEFAULT CHARSET=latin1;

--
-- Volcado de datos para la tabla `posts`
--

INSERT INTO `posts` (`id_post`, `id_user`, `sPost`, `fFecha`, `fVencimiento`) VALUES
(119, 0, 'Es momento de lavarme los dientes', '2016-02-21 22:50:30', '2016-02-22 01:50:30'),
(122, 0, 'A', '2016-02-26 22:19:31', '2016-02-27 04:19:31'),
(125, 0, 'B', '2016-02-26 23:35:35', '0000-00-00 00:00:00'),
(127, 0, 'Hola', '2016-02-27 10:10:13', '2016-02-28 10:10:13'),
(128, 1, 'Hola a todos', '2016-02-27 19:05:07', '0000-00-00 00:00:00'),
(129, 1, 'Hola', '2016-02-27 19:06:44', '2016-02-27 20:06:44'),
(130, 1, 'Hola', '2016-02-27 19:06:44', '2016-02-27 20:06:44'),
(131, 7, 'Hi', '2016-02-27 19:06:52', '2016-02-28 19:06:52'),
(132, 8, 'Hola amiguitos!!', '2016-02-28 23:00:21', '0000-00-00 00:00:00'),
(133, 1, 'Hi', '2016-02-29 18:34:03', '2016-02-29 21:34:03');

-- --------------------------------------------------------

--
-- Estructura de tabla para la tabla `users`
--

CREATE TABLE `users` (
  `id_user` int(11) NOT NULL,
  `sName` varchar(30) NOT NULL,
  `sPassword` varchar(50) NOT NULL,
  `sEmail` varchar(60) NOT NULL,
  `iSexo` int(11) NOT NULL DEFAULT '1',
  `sDesc` varchar(300) DEFAULT '',
  `fNacimiento` date NOT NULL,
  `iGroup` int(5) NOT NULL DEFAULT '0',
  `sPerfil` varchar(30) NOT NULL DEFAULT 'perfil1.png',
  `bActivo` tinyint(1) NOT NULL DEFAULT '1',
  `iNivel` int(11) NOT NULL DEFAULT '0'
) ENGINE=InnoDB DEFAULT CHARSET=latin1;

--
-- Volcado de datos para la tabla `users`
--

INSERT INTO `users` (`id_user`, `sName`, `sPassword`, `sEmail`, `iSexo`, `sDesc`, `fNacimiento`, `iGroup`, `sPerfil`, `bActivo`, `iNivel`) VALUES
(1, 'Raul Lara', 'raul98', 'Raul.lg1998@gmail.com', 1, 'Desarrollador principal de Burn It!', '1998-04-02', 0, 'perfil1.png', 1, 0),
(6, 'Raul Runner', '123456', 'lamr679k@yahoo.com', 1, 'Runner', '1967-09-20', 0, 'perfil1.png', 1, 0),
(7, 'Carmen Martinez', '123456', 'Carmen.martinez.ornelas@hotmail.com', 2, 'Bailarina de danza clasica y contemporánea', '1998-03-10', 0, 'perfil1.png', 1, 0),
(8, 'Natasha Nichole', '123456', 'natashalabuena@gmail.com', 2, 'Soy la natasha, la buena, la sexy', '2015-04-28', 0, 'perfil1.png', 1, 0);

--
-- Índices para tablas volcadas
--

--
-- Indices de la tabla `comentarios`
--
ALTER TABLE `comentarios`
  ADD PRIMARY KEY (`id_comentario`);

--
-- Indices de la tabla `likes`
--
ALTER TABLE `likes`
  ADD PRIMARY KEY (`id_like`);

--
-- Indices de la tabla `posts`
--
ALTER TABLE `posts`
  ADD PRIMARY KEY (`id_post`);

--
-- Indices de la tabla `users`
--
ALTER TABLE `users`
  ADD PRIMARY KEY (`id_user`),
  ADD UNIQUE KEY `sEmail` (`sEmail`);

--
-- AUTO_INCREMENT de las tablas volcadas
--

--
-- AUTO_INCREMENT de la tabla `comentarios`
--
ALTER TABLE `comentarios`
  MODIFY `id_comentario` int(11) NOT NULL AUTO_INCREMENT, AUTO_INCREMENT=262;
--
-- AUTO_INCREMENT de la tabla `likes`
--
ALTER TABLE `likes`
  MODIFY `id_like` int(11) NOT NULL AUTO_INCREMENT, AUTO_INCREMENT=32;
--
-- AUTO_INCREMENT de la tabla `posts`
--
ALTER TABLE `posts`
  MODIFY `id_post` int(11) NOT NULL AUTO_INCREMENT, AUTO_INCREMENT=134;
--
-- AUTO_INCREMENT de la tabla `users`
--
ALTER TABLE `users`
  MODIFY `id_user` int(11) NOT NULL AUTO_INCREMENT, AUTO_INCREMENT=9;
/*!40101 SET CHARACTER_SET_CLIENT=@OLD_CHARACTER_SET_CLIENT */;
/*!40101 SET CHARACTER_SET_RESULTS=@OLD_CHARACTER_SET_RESULTS */;
/*!40101 SET COLLATION_CONNECTION=@OLD_COLLATION_CONNECTION */;
